date,lat,lon,tree_id,species,diam_app (cm),height_url,diam_url,notes,row,tree_idx,biomass_kg,biomass_tonnes,biomass_TCO2e,
10/17/22 15:57,37.19945507,-80.57588596,8DA11D43-FE57-45BB-AABE-E3080236DD36,Black Walnut,38.95662725,https://firebasestorage.googleapis.com:443/v0/b/working-trees.appspot.com/o/trees%2FC7C1B91E-669B-41D7-BB13-C460819E5834.png?alt=media&token=1d947127-7354-4abe-9d78-965ff1f756fd,https://firebasestorage.googleapis.com:443/v0/b/working-trees.appspot.com/o/trees%2FC5994028-4621-4C8B-A744-DD28D5DEB69B.png?alt=media&token=5be5190f-5a69-46bf-b7e8-e0c6463ac33f,R6P1,6,1,903.8571074,0.903857107,1.491364227,
10/17/22 15:59,37.19953143,-80.57579543,3C922067-605B-4D88-9C59-AD9C79F0EF81,Black Walnut,41.86301529,https://firebasestorage.googleapis.com:443/v0/b/working-trees.appspot.com/o/trees%2F5BFBCD27-4284-4D61-8B67-7FF40AD73D63.png?alt=media&token=d9215973-9cd5-41da-a425-029363333467,https://firebasestorage.googleapis.com:443/v0/b/working-trees.appspot.com/o/trees%2F86655A3B-727B-41CB-A841-972E70B870B3.png?alt=media&token=64cea458-3fea-44a5-bcb0-d3b105868af2,R6P2,6,2,1085.3961,1.0853961,1.790903564,
10/17/22 16:01,37.19961265,-80.57596207,514070F0-2FA5-44C3-8AC7-E768856BED28,Black Walnut,33.90750587,https://firebasestorage.googleapis.com:443/v0/b/working-trees.appspot.com/o/trees%2FBBF8FA5F-7963-4D8B-A5B4-1493AD5114F9.png?alt=media&token=7768927d-0461-4c12-870e-59ff1b0b6bad,https://firebasestorage.googleapis.com:443/v0/b/working-trees.appspot.com/o/trees%2F43E7D248-37D2-4CE4-A148-4D141AEF668F.png?alt=media&token=59f99e33-6a62-4bed-bd66-05f710bf2403,R6P3,6,3,634.967563,0.634967563,1.047696479,
10/17/22 16:08,37.19966652,-80.57570205,DCCFED1A-22DF-488D-8C32-D9A27549A6CC,Black Walnut,26.33180916,https://firebasestorage.googleapis.com:443/v0/b/working-trees.appspot.com/o/trees%2FAECC1B39-5035-4260-BEDE-651246AB9743.png?alt=media&token=6c594537-7057-4904-8439-214a0e9bb301,https://firebasestorage.googleapis.com:443/v0/b/working-trees.appspot.com/o/trees%2FDF77B0EE-CF68-4EB6-B69D-BA74B51A2243.png?alt=media&token=e3c852e2-4938-4f1a-a6e3-18739021dfe6,R6P4,6,4,333.7449873,0.333744987,0.550679229,
10/17/22 16:10,37.19972939,-80.57560662,0621C0F8-4F08-442B-BC72-3B34F138FD3C,Black Walnut,22.63458073,https://firebasestorage.googleapis.com:443/v0/b/working-trees.appspot.com/o/trees%2F320A3BAC-17A9-430A-B8F0-7364D7B03CDD.png?alt=media&token=2db67b5d-10cd-4e30-a513-1cec2a1259d9,https://firebasestorage.googleapis.com:443/v0/b/working-trees.appspot.com/o/trees%2FE83DE591-38C0-4F33-A094-B6C4929E2E08.png?alt=media&token=610f6ecb-e9d7-4c04-90a2-b09e1d4b363f,R6P5,6,5,227.1290528,0.227129053,0.374762937,
10/17/22 16:14,37.19971259,-80.57555548,FAEAF3D0-4600-4345-AA2A-0428B18000A9,Black Walnut,32.18153715,https://firebasestorage.googleapis.com:443/v0/b/working-trees.appspot.com/o/trees%2FB39E0082-C204-490A-81C6-DF353886F46F.png?alt=media&token=19b2a435-2aed-4fc4-a77e-a0d1cad260b7,https://firebasestorage.googleapis.com:443/v0/b/working-trees.appspot.com/o/trees%2F05BF3F8F-4674-4D2D-A922-A5E4EECE66E7.png?alt=media&token=71a320eb-8df3-4720-820c-e895e6c0e292,R6P6,6,6,555.9520999,0.5559521,0.917320965,
10/17/22 16:15,37.19981526,-80.57549316,00623E08-7E5B-479F-9A39-2A502829D4F6,Black Walnut,32.74746239,https://firebasestorage.googleapis.com:443/v0/b/working-trees.appspot.com/o/trees%2FEAD58B38-F3F5-471D-8727-373C96A743A7.png?alt=media&token=6bf9a224-b7c4-41e7-809a-79ff12ba19fe,https://firebasestorage.googleapis.com:443/v0/b/working-trees.appspot.com/o/trees%2FC38603A7-96E5-47E5-9E21-99D51ABAC832.png?alt=media&token=f8d43088-6d38-4b99-bad1-b431fe057813,R6P7,6,7,581.1595666,0.581159567,0.958913285,
10/17/22 16:16,37.19985649,-80.57559308,EF47ABFF-1AFB-4ABD-A40C-733D1EFE02EC,Black Walnut,27.47475505,https://firebasestorage.googleapis.com:443/v0/b/working-trees.appspot.com/o/trees%2FF6AA5801-076D-4B24-8D5B-C9D1067A106E.png?alt=media&token=220e8905-20d6-4803-8f47-6182a468c81d,https://firebasestorage.googleapis.com:443/v0/b/working-trees.appspot.com/o/trees%2FA4ACC683-0C8E-4448-B7FF-FBBA2321E0DE.png?alt=media&token=144f1b74-6b11-4921-ab13-e603ad1398c4,R7P6,7,6,371.8381785,0.371838178,0.613532994,
10/17/22 16:19,37.19977614,-80.57565956,5AE0A2EB-1AC1-4A74-9AF6-392403F268F8,Black Walnut,23.84747416,https://firebasestorage.googleapis.com:443/v0/b/working-trees.appspot.com/o/trees%2F1D5FE870-8904-41D2-8CA0-0254879A2492.png?alt=media&token=b4d1c39d-4889-4456-a564-f4bbe428a022,https://firebasestorage.googleapis.com:443/v0/b/working-trees.appspot.com/o/trees%2FEDE627CC-0C04-4CDD-B38C-7D40675553BA.png?alt=media&token=ee484280-e3a3-4d2c-9872-e5d7f8b5c8c7,R7P5,7,5,259.381022,0.259381022,0.427978686,
10/17/22 16:22,37.19968549,-80.57573098,AFACC194-54E8-4830-A692-87BC53BC1566,Black Walnut,27.3685962,https://firebasestorage.googleapis.com:443/v0/b/working-trees.appspot.com/o/trees%2F901918FD-9C91-46CA-879E-71EF1327D2A3.png?alt=media&token=4f4999ca-17e9-457e-9c25-99747210688f,https://firebasestorage.googleapis.com:443/v0/b/working-trees.appspot.com/o/trees%2F2AD1AB04-6064-46C6-87D7-17CC88A55228.png?alt=media&token=87f734a4-c7fc-48db-ad8b-19f1473c19ac,R7P4,7,4,368.1944499,0.36819445,0.607520842,
10/17/22 16:24,37.19965523,-80.57566225,C761F211-34A4-424F-A308-C2257E409E3C,Black Walnut,30.78281283,https://firebasestorage.googleapis.com:443/v0/b/working-trees.appspot.com/o/trees%2F54431A5C-E535-4E9E-BC94-722C939B926E.png?alt=media&token=e87716d8-739b-4393-aabf-a9f8781ece72,https://firebasestorage.googleapis.com:443/v0/b/working-trees.appspot.com/o/trees%2F84615F81-603B-44DC-93C1-4ADB4C9E896D.png?alt=media&token=1ea31298-cf62-44d4-9809-aac083687b78,R7P3,7,3,496.5326655,0.496532665,0.819278898,
10/17/22 17:16,37.19958481,-80.57591179,C6C798B8-AEF8-4FD2-A7E8-1BFED509363C,Black Walnut,27.79013813,https://firebasestorage.googleapis.com:443/v0/b/working-trees.appspot.com/o/trees%2FF4AF9ADB-7213-4657-8C21-9DE831BB5E7E.png?alt=media&token=77742982-9152-4183-bd43-fce59ba81f83,https://firebasestorage.googleapis.com:443/v0/b/working-trees.appspot.com/o/trees%2FAFFD82CC-1E65-43F9-B5D1-325DB32030E3.png?alt=media&token=08fa8058-125e-4f2a-bfa6-9ad817fa367f,R7P2,7,2,382.7919401,0.38279194,0.631606701,
10/17/22 17:18,37.19950782,-80.57594918,7EBA0A4D-1087-487C-ACA1-157C7186BBDA,Black Walnut,35.43787897,https://firebasestorage.googleapis.com:443/v0/b/working-trees.appspot.com/o/trees%2F59B01599-6C7B-4F2F-A46C-59A2DEE3F61E.png?alt=media&token=c5e2ff4a-d289-4d75-9f88-bcfc5e446ecd,https://firebasestorage.googleapis.com:443/v0/b/working-trees.appspot.com/o/trees%2F18FD3F79-5989-4968-A359-3E7ECC2314CC.png?alt=media&token=5f5ac4b1-a139-45c4-8647-432a815ff97b,R7P1,7,1,710.4263126,0.710426313,1.172203416,
10/17/22 17:20,37.19959865,-80.57605438,16BF791B-1604-4CE7-8C23-76FD5DE4AB67,Black Walnut,33.96671414,https://firebasestorage.googleapis.com:443/v0/b/working-trees.appspot.com/o/trees%2F77422664-EF53-4536-B797-708FBAF00EAD.png?alt=media&token=24c52609-9d29-494f-bae0-95dc96e30f09,https://firebasestorage.googleapis.com:443/v0/b/working-trees.appspot.com/o/trees%2F07F1509C-9BF3-4E77-A4C7-394B904B9510.png?alt=media&token=c3480da8-c090-4b02-bf60-fbbc85225d99,R8P1,8,1,637.7917218,0.637791722,1.052356341,
10/17/22 17:22,37.19969547,-80.57596677,FCA1800E-3030-4B11-849D-7A38F6B85A57,Black Walnut,28.41555774,https://firebasestorage.googleapis.com:443/v0/b/working-trees.appspot.com/o/trees%2F85CA7730-BFDF-42CF-BC88-6FE3B6A20DC9.png?alt=media&token=03c418cb-eb3b-4e63-b880-7a5690761fb4,https://firebasestorage.googleapis.com:443/v0/b/working-trees.appspot.com/o/trees%2FD4E3FE0C-052F-4EDB-B00F-85177C70C8E1.png?alt=media&token=f072e21d-bc99-4f45-bfd0-9d166fbff6a9,R8P2,8,2,405.0875213,0.405087521,0.66839441,
10/17/22 17:26,37.19973917,-80.57585264,3D053787-FAF1-4BBF-B964-F92ECF51FA62,Black Walnut,24.89763498,https://firebasestorage.googleapis.com:443/v0/b/working-trees.appspot.com/o/trees%2F8AE2E751-94B7-42D7-9AC1-8DA1F118CD64.png?alt=media&token=08b50adc-afe4-4519-87df-68e8b8f736ae,https://firebasestorage.googleapis.com:443/v0/b/working-trees.appspot.com/o/trees%2F7398AB95-AAFF-4C6A-AF4A-A9E4258CE3E9.png?alt=media&token=99bf373e-63bc-4306-b58f-3c57a032a1b7,R8P3,8,3,289.4312001,0.2894312,0.47756148,
10/17/22 17:29,37.19978943,-80.57581916,D46713A7-2B8D-4FF6-8362-C75BA78CAF0E,Black Walnut,29.10303771,https://firebasestorage.googleapis.com:443/v0/b/working-trees.appspot.com/o/trees%2FC66CE770-2ED3-4075-ACEF-8BCA1E42983D.png?alt=media&token=c2794706-a1d2-444e-953b-57dfe535ec3b,https://firebasestorage.googleapis.com:443/v0/b/working-trees.appspot.com/o/trees%2F333A45E9-67A4-4258-8863-A11F83FFD9E5.png?alt=media&token=0ed6237c-39d5-4c2a-8e76-b2e648688331,R8P4,8,4,430.4848853,0.430484885,0.710300061,
10/17/22 17:30,37.19988428,-80.57576964,AF9B6269-0254-49BA-8D3F-2A6B71F3BFA3,Black Walnut,23.81407917,https://firebasestorage.googleapis.com:443/v0/b/working-trees.appspot.com/o/trees%2F86029104-FAA9-46C2-AEF2-F6F091090545.png?alt=media&token=c6496473-dcac-4050-8b1b-f47b31b7a9a3,https://firebasestorage.googleapis.com:443/v0/b/working-trees.appspot.com/o/trees%2F3E5D3B53-E4AA-47DC-84BD-B76D3DD11203.png?alt=media&token=96c80a3e-92e6-4f92-afe9-9f2a1df50379,R8P5,8,5,258.4580819,0.258458082,0.426455835,
10/17/22 17:31,37.20000515,-80.57580779,5D6BA82B-9453-416F-989F-1E1FA958077C,Black Walnut,17.21215397,https://firebasestorage.googleapis.com:443/v0/b/working-trees.appspot.com/o/trees%2F2365CCBE-5145-4CB0-AFC3-53AAB651F1DD.png?alt=media&token=17997425-9cc3-48fd-bd0d-0b3ad4b59ed3,https://firebasestorage.googleapis.com:443/v0/b/working-trees.appspot.com/o/trees%2F231B02D6-C257-4F86-A892-31EF3B93FECC.png?alt=media&token=b0758a8a-5a1e-4602-9a78-ff73e95398e8,R9P6,9,6,113.1701921,0.113170192,0.186730817,
10/17/22 17:32,37.19993556,-80.57577396,1C617710-E2AC-4CCC-9D64-8B7E57B36271,Black Walnut,24.85731095,https://firebasestorage.googleapis.com:443/v0/b/working-trees.appspot.com/o/trees%2F8F5F496E-8C47-46FD-B151-C39F77572D2E.png?alt=media&token=519b3beb-7a8a-4daf-9471-334bd661cd43,https://firebasestorage.googleapis.com:443/v0/b/working-trees.appspot.com/o/trees%2FBC0C7A87-2909-4123-A942-EFAC38F632E2.png?alt=media&token=7672c547-ef23-4d08-8e3c-f2c9e6a61132,R9P5,9,5,288.2403036,0.288240304,0.475596501,
10/17/22 17:36,37.19980195,-80.57597518,7F1A5A3B-7B0F-4365-BC69-CA7A81D54FE9,Black Walnut,26.75749958,https://firebasestorage.googleapis.com:443/v0/b/working-trees.appspot.com/o/trees%2F9E96B577-A055-4F37-B1DC-7A4EE0CAF263.png?alt=media&token=949c9039-e4e9-466e-aa5e-e8bbbac67fc7,https://firebasestorage.googleapis.com:443/v0/b/working-trees.appspot.com/o/trees%2F0E96BAE3-8ED4-4DB3-99D9-1074C4F8D4EF.png?alt=media&token=70e929d0-8dee-47cb-8d14-e8a6d477ae15,R9P4,9,4,347.6411559,0.347641156,0.573607907,
10/17/22 17:37,37.19970911,-80.57600694,D9126304-0460-426E-A99C-E57C3E82A0A3,Black Walnut,28.62495482,https://firebasestorage.googleapis.com:443/v0/b/working-trees.appspot.com/o/trees%2FEA56C46D-381C-4880-9C47-9FC4EB876336.png?alt=media&token=5a627083-9fdc-4475-93eb-c00558d1332f,https://firebasestorage.googleapis.com:443/v0/b/working-trees.appspot.com/o/trees%2F15D14C36-0166-4624-A6B9-00146DA6B8A6.png?alt=media&token=7f9973ef-2e4c-4607-abf3-bf4d5758eb43,R9P3,9,3,412.7240443,0.412724044,0.680994673,
10/17/22 17:38,37.19970504,-80.57609764,ED8F8C76-61CE-4A52-9EBE-0881D7B3AE5A,Black Walnut,30.4386586,https://firebasestorage.googleapis.com:443/v0/b/working-trees.appspot.com/o/trees%2F871A1504-0D50-47EC-B373-6E29504157CE.png?alt=media&token=f22e2d95-c261-4a0c-814e-f34d4f644ef7,https://firebasestorage.googleapis.com:443/v0/b/working-trees.appspot.com/o/trees%2F2B4FAC6C-E783-4ADC-875E-8608CDF944E2.png?alt=media&token=fd581e92-c45e-4dac-9707-d8bdcda09796,R9P2,9,2,482.5334962,0.482533496,0.796180269,
10/17/22 17:43,37.19964836,-80.57618134,FC4F4ECF-197E-417E-809A-6C42C46B7425,Black Walnut,36.77300215,https://firebasestorage.googleapis.com:443/v0/b/working-trees.appspot.com/o/trees%2F701AE3B0-01EA-4E17-939A-E200B802650F.png?alt=media&token=b61e6262-9859-4aa6-9fda-db67ba9f1cbc,https://firebasestorage.googleapis.com:443/v0/b/working-trees.appspot.com/o/trees%2F1C34D3E7-0D91-45C6-8665-A8AD0177585A.png?alt=media&token=9ce276a6-142c-4407-be41-8d9b8ff94c4d,R9P1,9,1,780.5025684,0.780502568,1.287829238,
10/19/22 18:09,37.19998518,-80.5769834,74FD9EB5-F7D5-427A-8C5B-BD1FDB2E9DF9,Black Walnut,16.72994494,https://firebasestorage.googleapis.com:443/v0/b/working-trees.appspot.com/o/trees%2F4E487F31-4C7A-4701-831E-93B810F8E120.png?alt=media&token=37019a09-a01c-449f-a743-5fb9b8b5571b,https://firebasestorage.googleapis.com:443/v0/b/working-trees.appspot.com/o/trees%2FAF322C1A-9A0F-48EC-B821-25309E2F5842.png?alt=media&token=daaf7686-7ddb-4424-9967-6854a9739a36,R15P1,15,1,105.2788148,0.105278815,0.173710044,
10/19/22 18:11,37.20058726,-80.57702682,EC631520-2F13-4FDC-87BA-A02E053D5D8A,Black Walnut,22.15021104,https://firebasestorage.googleapis.com:443/v0/b/working-trees.appspot.com/o/trees%2F41BFF90B-BC91-437C-BB08-6AB3B16506E0.png?alt=media&token=81304907-7f3b-4587-8d8f-8a75447ce2bd,https://firebasestorage.googleapis.com:443/v0/b/working-trees.appspot.com/o/trees%2F64ADB065-AE2D-4EC7-85CB-402E2C393B40.png?alt=media&token=0f3dd09f-2f7d-4f6f-858a-42d5f36e79d7,R15P2,15,2,214.9689233,0.214968923,0.354698724,
10/19/22 18:13,37.20095019,-80.57696161,AAC9EC50-35DC-477B-B181-3EB5E2849DCB,Black Walnut,24.85315949,https://firebasestorage.googleapis.com:443/v0/b/working-trees.appspot.com/o/trees%2FA65CB02F-9226-4667-B50B-12DAD9A34D45.png?alt=media&token=428b844c-f049-414a-a225-5609cbfd57c5,https://firebasestorage.googleapis.com:443/v0/b/working-trees.appspot.com/o/trees%2F6D204C81-EF91-47D8-B86E-9BF89B30ED18.png?alt=media&token=0c2d83ca-145c-4a12-aa86-1e3d5f157940,R15P3,15,3,288.1178669,0.288117867,0.47539448,
10/19/22 18:15,37.20147475,-80.57556081,29A54A8A-97B4-44A7-A4D6-EFAFB91FCB61,Black Walnut,23.59998226,https://firebasestorage.googleapis.com:443/v0/b/working-trees.appspot.com/o/trees%2F0649298C-E2DB-4851-81E2-C2C0B2954DF7.png?alt=media&token=82465945-61b2-423f-898e-a4c5a20001fa,https://firebasestorage.googleapis.com:443/v0/b/working-trees.appspot.com/o/trees%2F54831849-43FD-4FFC-AB40-2A9EA250FC3E.png?alt=media&token=ae7b57d5-6709-473c-8df0-1f1c06323d78,R15P4,15,4,252.5884159,0.252588416,0.416770886,
10/19/22 18:17,37.20081832,-80.57680038,00472679-24F2-4DEF-916D-723AD9E277C8,Black Walnut,29.38808203,https://firebasestorage.googleapis.com:443/v0/b/working-trees.appspot.com/o/trees%2FEA8B67C5-BB4C-40E8-AF98-E98E8FA30949.png?alt=media&token=838e19c6-7415-4fdf-847c-6fb1866ec712,https://firebasestorage.googleapis.com:443/v0/b/working-trees.appspot.com/o/trees%2FECF7FC3B-4933-4592-B23E-4841C68AD2F5.png?alt=media&token=55d48e62-aeab-4ddf-9b22-2e436f894172,R15P5,15,5,441.2911211,0.441291121,0.72813035,
10/19/22 18:18,37.2014678,-80.57552458,2693FAE1-816B-4A74-9AC0-098747F09CC2,Black Walnut,28.26054692,https://firebasestorage.googleapis.com:443/v0/b/working-trees.appspot.com/o/trees%2FB3B8B793-E419-43ED-B3AA-2648FEB817B3.png?alt=media&token=7aa36173-646b-4306-9381-33b9188d3294,https://firebasestorage.googleapis.com:443/v0/b/working-trees.appspot.com/o/trees%2F3DB069B7-EE31-42E0-8674-98BB4FF5983E.png?alt=media&token=fcad772b-0d21-484a-a9aa-0fbd4118f922,R16P5,16,5,399.4900752,0.399490075,0.659158624,
10/19/22 18:21,37.20086713,-80.57690352,34C5BCEE-A80F-41A4-9B63-B9BFC78D9F19,Black Walnut,26.59916878,https://firebasestorage.googleapis.com:443/v0/b/working-trees.appspot.com/o/trees%2FC63BC0BD-468B-43D0-8BD7-93F75C851692.png?alt=media&token=86e0fe09-d73f-4593-8615-f605ac1ea8ad,https://firebasestorage.googleapis.com:443/v0/b/working-trees.appspot.com/o/trees%2F98213C7B-09FB-4E66-9C11-CC6F9839042F.png?alt=media&token=2c80c411-13b4-4867-a3e7-ba8687f549ef,R16P4,16,4,342.4324357,0.342432436,0.565013519,
10/19/22 18:23,37.20080803,-80.57699309,CA6EB7DB-56AF-4A6B-8336-0490442F82D9,Black Walnut,25.316903,https://firebasestorage.googleapis.com:443/v0/b/working-trees.appspot.com/o/trees%2F0B4E5894-CEC0-4C33-854C-A4696122DA3F.png?alt=media&token=a737d007-7e28-401a-9091-10963afd1033,https://firebasestorage.googleapis.com:443/v0/b/working-trees.appspot.com/o/trees%2FB2B2E1B4-C079-4DE3-AE6D-7E9660DC0E34.png?alt=media&token=89e72055-e278-42f1-bc51-9c7e62047489,R16P3,16,3,301.9906409,0.301990641,0.498284557,
10/19/22 18:24,37.20065754,-80.57704937,C9BD8F64-2B49-434B-A116-323C964674A5,Black Walnut,26.40680373,https://firebasestorage.googleapis.com:443/v0/b/working-trees.appspot.com/o/trees%2F747CB29D-AA3F-41CA-9AF2-62BF3B95C523.png?alt=media&token=7993a186-078b-4f1c-8799-c347e74ce7c4,https://firebasestorage.googleapis.com:443/v0/b/working-trees.appspot.com/o/trees%2FD76E9511-EDA1-4D70-A726-0232060D9261.png?alt=media&token=59699387-44a7-4aa4-8f82-c5cffab8555d,R16P2,16,2,336.1681572,0.336168157,0.554677459,
10/19/22 18:25,37.2005557,-80.57709539,6307B9A8-DDCB-4D7D-A050-BB796F7E1176,Black Walnut,21.41911089,https://firebasestorage.googleapis.com:443/v0/b/working-trees.appspot.com/o/trees%2FA4945360-0BAC-4031-9A65-731B0F84FE64.png?alt=media&token=ac377423-27e0-41b5-828c-a840cf6e6b79,https://firebasestorage.googleapis.com:443/v0/b/working-trees.appspot.com/o/trees%2FE90DDC8A-F1DF-41A0-8E87-19A82D4D648B.png?alt=media&token=254e58dc-b7c5-4cbb-9d62-b457e5902a64,R16P1,16,1,197.3774887,0.197377489,0.325672856,
10/19/22 18:27,37.20065338,-80.5771931,8DEF493B-3A4A-407A-A11C-BF15BE1DCBAB,Black Walnut,27.28155553,https://firebasestorage.googleapis.com:443/v0/b/working-trees.appspot.com/o/trees%2FB42CAB68-8BA1-4B28-90F9-683CF4E6BD06.png?alt=media&token=4d22b484-a566-4b81-85c6-83d94127ebb7,https://firebasestorage.googleapis.com:443/v0/b/working-trees.appspot.com/o/trees%2F04961D0A-0823-4E2C-BFF0-7B47A06FCF30.png?alt=media&token=97d93906-d5ed-44eb-ab75-48a0a3701b78,R17P1,17,1,365.2231531,0.365223153,0.602618203,
10/19/22 18:28,37.20075702,-80.5771019,930A4BE0-8119-4CD3-8A54-3892C0AB6751,Black Walnut,28.8738966,https://firebasestorage.googleapis.com:443/v0/b/working-trees.appspot.com/o/trees%2FBB0D29BF-00FC-4769-903E-D577249EA873.png?alt=media&token=e29da149-e89a-4843-80cf-3bf3ad663787,https://firebasestorage.googleapis.com:443/v0/b/working-trees.appspot.com/o/trees%2FA69D352F-FBE3-433F-BCF4-CC9EF1620602.png?alt=media&token=c36378ae-56db-48b3-b5f5-e6722e5ec0aa,R17P2,17,2,421.9155925,0.421915593,0.696160728,
10/19/22 18:29,37.20082091,-80.57703707,60D5ABB0-08B5-4FBC-AA0E-3A017EE0256F,Black Walnut,29.5388341,https://firebasestorage.googleapis.com:443/v0/b/working-trees.appspot.com/o/trees%2F8DB8D199-B9E5-4D46-AA46-56E1B0E15101.png?alt=media&token=5920aea5-dae3-417a-9cb2-c9ef35d51818,https://firebasestorage.googleapis.com:443/v0/b/working-trees.appspot.com/o/trees%2FDB86FA3B-B095-4404-BCCE-DD9A09A5B4F0.png?alt=media&token=9205b0e5-6dde-4dbf-837f-b3e713539ef9,R17P3,17,3,447.0720927,0.447072093,0.737668953,
10/19/22 18:30,37.20085355,-80.57697096,46355544-0A50-40FB-A6BA-0584523E569D,Black Walnut,27.11448669,https://firebasestorage.googleapis.com:443/v0/b/working-trees.appspot.com/o/trees%2FE2E2876E-1D43-46F0-9202-9294B7D72757.png?alt=media&token=e5f9c87e-dc22-41ce-a8ae-b8fac83c958e,https://firebasestorage.googleapis.com:443/v0/b/working-trees.appspot.com/o/trees%2F3D951495-8BFE-43EC-BE36-495245A508F3.png?alt=media&token=a0c4aefc-55d9-40ed-a0d5-1352e5186274,R17P4,17,4,359.5608234,0.359560823,0.593275359,
10/19/22 18:32,37.20098924,-80.577068,9E230C1F-5D8E-4CF0-881F-DDA71BC9934A,Black Walnut,27.73485184,https://firebasestorage.googleapis.com:443/v0/b/working-trees.appspot.com/o/trees%2FAA44976F-2173-4F5E-97D8-B4A320C518B6.png?alt=media&token=6091210e-cf33-43fe-ae4f-eb6678aa33c7,https://firebasestorage.googleapis.com:443/v0/b/working-trees.appspot.com/o/trees%2F35148C89-D2A0-4FEF-BD11-00F3A377CBF8.png?alt=media&token=70d95e53-6724-43e1-9247-08b0d22b5990,R18P4,18,4,380.8577985,0.380857799,0.628415368,
10/19/22 18:33,37.20093952,-80.57712668,65F77C58-E938-4952-851E-C83A35E89F72,Black Walnut,32.3505193,https://firebasestorage.googleapis.com:443/v0/b/working-trees.appspot.com/o/trees%2FF93F240C-A6BE-4B2F-8E99-8F638A5860E3.png?alt=media&token=9082a639-81f8-4264-a91e-0d19f858655f,https://firebasestorage.googleapis.com:443/v0/b/working-trees.appspot.com/o/trees%2F51CBF5B5-21C7-4739-9FAF-A823DE7FDCA6.png?alt=media&token=605c7208-3da5-4fa2-b6d3-90636286a855,R18P3,18,3,563.4079227,0.563407923,0.929623072,
10/19/22 18:35,37.2009009,-80.57720739,EF5AD9A5-7462-4B37-8CC2-A40F38BA31C4,Black Walnut,26.42712891,https://firebasestorage.googleapis.com:443/v0/b/working-trees.appspot.com/o/trees%2F67FE1D15-660F-44C3-9704-62C4F9ACC221.png?alt=media&token=2f4831c6-dd62-40d1-88bc-a175604e4ebb,https://firebasestorage.googleapis.com:443/v0/b/working-trees.appspot.com/o/trees%2F7BDFEEE5-2556-4B9E-ACFE-65AC7F8E387F.png?alt=media&token=05f9ab72-4800-4ac7-968e-bc78a821eaf0,R18P2,18,2,336.8267229,0.336826723,0.555764093,
10/19/22 18:36,37.20076981,-80.57725354,0FD64D87-17BD-4518-8171-E3692A329682,Black Walnut,21.37219757,https://firebasestorage.googleapis.com:443/v0/b/working-trees.appspot.com/o/trees%2FAD8A49DF-1557-4453-9E5B-8039DF2FB535.png?alt=media&token=56399954-8394-4461-bd01-f6e3830e7ca3,https://firebasestorage.googleapis.com:443/v0/b/working-trees.appspot.com/o/trees%2FC916EB16-5387-46CD-80FD-75E92A21E5AB.png?alt=media&token=6434f7d5-6028-4001-bd03-f35cc0c0956a,R18P1,18,1,196.2796873,0.196279687,0.323861484,
10/19/22 18:38,37.20095141,-80.57727082,F24227CC-D619-44DC-9E49-1FAC8F64FF83,Black Walnut,33.54333937,https://firebasestorage.googleapis.com:443/v0/b/working-trees.appspot.com/o/trees%2F539C4C7A-5FAF-487B-B920-71C17545AB35.png?alt=media&token=21d3a04e-fa9b-44a8-9644-9ca5d93ae434,https://firebasestorage.googleapis.com:443/v0/b/working-trees.appspot.com/o/trees%2FB55E0F95-1432-4A73-AB15-581C10E03C4E.png?alt=media&token=5de7cca4-6714-4f98-8178-40be4890a5d7,R19P1,19,1,617.7641947,0.617764195,1.019310921,
10/19/22 18:39,37.20155966,-80.57570338,8BD98225-E465-4D94-AC1D-25B6DF6A7215,Black Walnut,32.01647997,https://firebasestorage.googleapis.com:443/v0/b/working-trees.appspot.com/o/trees%2FBB1C4686-3E07-40D9-AE75-B052C9E5DC80.png?alt=media&token=e27080d1-72e0-41ee-bcd2-f42964c1a06a,https://firebasestorage.googleapis.com:443/v0/b/working-trees.appspot.com/o/trees%2FBFD11E36-ED5C-4E56-BF10-AE32A5804BE6.png?alt=media&token=9d802b37-2ad8-4fb0-b01a-f76f8ecd8161,R19P2,19,2,548.7275661,0.548727566,0.905400484,
10/19/22 18:40,37.20112708,-80.57714782,CB7D53AA-AD10-48F6-8ECB-4F74D3781EFB,Black Walnut,25.67529082,https://firebasestorage.googleapis.com:443/v0/b/working-trees.appspot.com/o/trees%2F59FD0B1F-5CFA-4134-85D0-DC18661AE6D3.png?alt=media&token=92211ba5-e581-4fd0-812c-22efadd5b0eb,https://firebasestorage.googleapis.com:443/v0/b/working-trees.appspot.com/o/trees%2FB904D3FD-1231-4409-8007-7F16BB62E0CA.png?alt=media&token=6f084232-00eb-4bd3-89dc-1cd1b2a55a6d,R19P3,19,3,312.9840804,0.31298408,0.516423733,
10/19/22 18:43,37.20118652,-80.57723436,37D01D01-DDDC-48CE-9270-540D9C3B408D,Black Walnut,27.29181945,https://firebasestorage.googleapis.com:443/v0/b/working-trees.appspot.com/o/trees%2F49B47D8C-6A1C-4A99-8150-0EEA97583DCC.png?alt=media&token=62791b75-597c-4765-b66f-6d5c77d13ebf,https://firebasestorage.googleapis.com:443/v0/b/working-trees.appspot.com/o/trees%2F66DE3E7C-5431-4446-A004-0FE73450D904.png?alt=media&token=09103974-92ab-4cf2-a41a-372c91b8d0a7,R20P3,20,3,365.5727716,0.365572772,0.603195073,
10/19/22 18:44,37.20120291,-80.57736989,8703AE4C-12DD-47BE-B55D-BB13DCB1E198,Black Walnut,35.5882585,https://firebasestorage.googleapis.com:443/v0/b/working-trees.appspot.com/o/trees%2F1D09A1B5-A382-4E66-9157-D937965754D8.png?alt=media&token=d6bf9ab6-af13-4e6f-8559-ae598c1ceeb9,https://firebasestorage.googleapis.com:443/v0/b/working-trees.appspot.com/o/trees%2F9A7ED770-2EDB-4AF6-A63C-79A0AF4A1E5D.png?alt=media&token=4ad79f00-9e11-49b4-9acf-b8511c48560e,R20P2,20,2,718.1198696,0.71811987,1.184897785,
10/19/22 18:46,37.2010341,-80.57743586,F3BCC30C-8893-4AA5-B937-ABA4C46EA36A,Black Walnut,29.7576189,https://firebasestorage.googleapis.com:443/v0/b/working-trees.appspot.com/o/trees%2F100FC72C-CC0A-464A-8268-88983EF0ABE8.png?alt=media&token=d56fc419-0fe8-4e8c-89c0-2d8244888a70,https://firebasestorage.googleapis.com:443/v0/b/working-trees.appspot.com/o/trees%2FB405FF92-D4DF-4C7C-8553-1945FCC63F35.png?alt=media&token=e1d099eb-1579-46aa-bb75-1432e3487e2a,R20P1,20,1,455.5433194,0.455543319,0.751646477,
10/19/22 18:48,37.20117005,-80.57748891,D733E342-14AD-4F60-A0D7-16152CE95733,Black Walnut,29.68670726,https://firebasestorage.googleapis.com:443/v0/b/working-trees.appspot.com/o/trees%2F480303BE-8EB0-4E71-BBF5-873509367274.png?alt=media&token=27f8a208-221e-4f6a-abfb-cee5f20ae5c2,https://firebasestorage.googleapis.com:443/v0/b/working-trees.appspot.com/o/trees%2FC47FF0D1-BD41-4DF5-B6B8-5A6E459865C9.png?alt=media&token=59e8a11b-020a-4972-9d4c-72f024e2246f,R21P1,21,1,452.7870874,0.452787087,0.747098694,
10/19/22 18:50,37.20078691,-80.57759117,623AAB9A-8027-4076-AF2F-7205DC5B60F4,Black Walnut,28.871876,https://firebasestorage.googleapis.com:443/v0/b/working-trees.appspot.com/o/trees%2F2EEF2A36-E1E9-4D82-95D0-35FFB3066497.png?alt=media&token=175b4a09-3354-4c26-8112-2e4100aa8406,https://firebasestorage.googleapis.com:443/v0/b/working-trees.appspot.com/o/trees%2FE4E914D5-F1C1-4098-B4ED-1162ADE784A7.png?alt=media&token=d9a7d7b7-90cd-46eb-a20a-ecc53d2ebbe4,R21P2,21,2,421.8404921,0.421840492,0.696036812,
10/17/22 14:46,37.19952706,-80.57508947,B9D625F1-6928-42E6-9407-62F782443D21,Honey Locust,21.82814926,https://firebasestorage.googleapis.com:443/v0/b/working-trees.appspot.com/o/trees%2F83FBC9C1-1402-4C95-900B-C6483E898EE3.png?alt=media&token=4a90111e-bf19-45c6-a97f-e01ffa67389b,https://firebasestorage.googleapis.com:443/v0/b/working-trees.appspot.com/o/trees%2FAE565C4D-C88C-4440-BFAB-CD4ABBC1B078.png?alt=media&token=66397a51-1fcc-4433-8b78-a716493bb787,R2P5,2,5,234.0868371,0.234086837,0.386243281,
10/17/22 14:48,37.19951409,-80.57506231,F733B20E-E825-4DD5-A849-4774FB196304,Honey Locust,21.00826353,https://firebasestorage.googleapis.com:443/v0/b/working-trees.appspot.com/o/trees%2FDD0C397C-7673-4186-B6ED-FC5EAF75F7D9.png?alt=media&token=96bc1a54-4bc4-4873-b87f-1b4ca419fbf3,https://firebasestorage.googleapis.com:443/v0/b/working-trees.appspot.com/o/trees%2F50524FEA-B76D-4A43-9E9C-296744217914.png?alt=media&token=d2cb5663-c475-434a-9bbd-2c8d263da131,R2P4,2,4,213.201903,0.213201903,0.35178314,
10/17/22 14:50,37.19948013,-80.57507895,93B72249-3A69-412D-B72D-EEC51206D60A,Honey Locust,16.61995202,https://firebasestorage.googleapis.com:443/v0/b/working-trees.appspot.com/o/trees%2F675C0740-56F6-4F01-B3B5-899D2F9E37B2.png?alt=media&token=2749003a-20e4-4c98-8ff6-31e59deeb013,https://firebasestorage.googleapis.com:443/v0/b/working-trees.appspot.com/o/trees%2F6569FA86-8E45-48C2-A5A6-D3E302272534.png?alt=media&token=d9a65b8b-04fa-45ad-ac8b-70aa4ff2caf4,R2P3,2,3,120.3355543,0.120335554,0.198553665,
10/17/22 14:53,37.19935642,-80.57520845,043F0D12-CECA-4487-823D-753960B1880F,Honey Locust,26.03241801,https://firebasestorage.googleapis.com:443/v0/b/working-trees.appspot.com/o/trees%2FCAFFB684-0910-4B6F-910C-8E0B45DADB29.png?alt=media&token=6da73db3-47f5-403d-a669-8032ffb6e780,https://firebasestorage.googleapis.com:443/v0/b/working-trees.appspot.com/o/trees%2F0F1F7293-3434-489C-B2AD-078C7C3CFC4F.png?alt=media&token=681e047d-f7e4-46e5-aeca-54eb1cf31da3,R2P2,2,2,359.8384951,0.359838495,0.593733517,
10/17/22 15:00,37.19911418,-80.57528655,53CD38DE-FC73-4A89-BBB9-84A46F45CCCC,Honey Locust,28.48887742,https://firebasestorage.googleapis.com:443/v0/b/working-trees.appspot.com/o/trees%2FBA6DC0E8-A54A-4CAB-B7A5-99BFDC50E913.png?alt=media&token=469c9807-c6fe-43a7-9cec-a7ac2a6383ca,https://firebasestorage.googleapis.com:443/v0/b/working-trees.appspot.com/o/trees%2F792E4364-8D68-4399-AAF6-DE407E9DFAB6.png?alt=media&token=8e9a94a1-ade2-4210-a53d-e6b85063bd68,R1P1,1,1,448.4346897,0.44843469,0.739917238,
10/17/22 15:02,37.19920387,-80.57520677,439C3D78-9C45-4E20-B36E-2F904C478C65,Honey Locust,27.17589438,https://firebasestorage.googleapis.com:443/v0/b/working-trees.appspot.com/o/trees%2F9ECE5F41-1AE9-4949-9A5A-EBE2DF79E014.png?alt=media&token=c8c4eab5-f631-4e61-b68d-025ef5f10a7f,https://firebasestorage.googleapis.com:443/v0/b/working-trees.appspot.com/o/trees%2F8BA9E996-A0CD-4D97-AFC5-A16CD8A0B8D7.png?alt=media&token=ca937d0d-ef53-4697-9ae5-150cbd1705e5,R1P2,1,2,399.6496828,0.399649683,0.659421977,
10/17/22 15:04,37.19935155,-80.57508155,F38E946B-D28F-4241-B0BB-0706222A7724,Honey Locust,25.43065548,https://firebasestorage.googleapis.com:443/v0/b/working-trees.appspot.com/o/trees%2FF8E78E39-FCF1-409D-87EC-F495FEE58FE6.png?alt=media&token=06381f27-27fc-4509-999c-71091f9cabae,https://firebasestorage.googleapis.com:443/v0/b/working-trees.appspot.com/o/trees%2F9BEB02F4-A402-444C-BA2A-77AA752163B8.png?alt=media&token=855e28ab-1c43-4470-88ef-86c95a33c4ad,R1P3,1,3,339.8713017,0.339871302,0.560787648,
10/17/22 15:07,37.19929854,-80.57515028,57E9F62B-A93E-4103-A845-8EB5F111FE2F,Honey Locust,20.69761306,https://firebasestorage.googleapis.com:443/v0/b/working-trees.appspot.com/o/trees%2F67DDFB7C-47F2-4D98-892B-AE4E3BCE6E0E.png?alt=media&token=8f8d8259-c940-4eb0-a4ce-ab2be61b2053,https://firebasestorage.googleapis.com:443/v0/b/working-trees.appspot.com/o/trees%2F208A256D-FFC4-4FBF-B225-9C982B27B625.png?alt=media&token=cbec89a3-4ff3-4c43-ab70-33433ef03e02,R1P4,1,4,205.5881451,0.205588145,0.339220439,
10/17/22 15:09,37.19943265,-80.57502807,0FBE05E3-59E2-42ED-B513-0DECB79780F1,Honey Locust,26.37990415,https://firebasestorage.googleapis.com:443/v0/b/working-trees.appspot.com/o/trees%2F764D4F71-92EA-431A-9483-5A88983FBDED.png?alt=media&token=0caa7445-bebf-4d87-a7a9-071ebb580a7e,https://firebasestorage.googleapis.com:443/v0/b/working-trees.appspot.com/o/trees%2F2CB5BF8C-F6F5-42B6-8D31-A3419D2586E9.png?alt=media&token=7fa6776d-4d55-4f1d-b69a-8e5d5799b7ff,R1P5,1,5,371.6760853,0.371676085,0.613265541,
10/17/22 15:11,37.19962648,-80.5751502,7A20A6AC-FCC6-4720-84FE-46609AF02602,Honey Locust,20.11667341,https://firebasestorage.googleapis.com:443/v0/b/working-trees.appspot.com/o/trees%2F508FC7B2-1A98-42DE-BAF4-356C03BBA197.png?alt=media&token=2ad0dafb-4b75-4f25-8cd4-460ca26eb721,https://firebasestorage.googleapis.com:443/v0/b/working-trees.appspot.com/o/trees%2F151F1070-7777-462C-88E6-E4453B7F8AC8.png?alt=media&token=30ab03c8-e442-4949-9efd-f6409444ed12,R3P6,3,6,191.7861779,0.191786178,0.316447193,
10/17/22 15:13,37.19955241,-80.57520385,4BC8B900-337E-475F-9D49-9C1EFB962C80,Honey Locust,22.96659648,https://firebasestorage.googleapis.com:443/v0/b/working-trees.appspot.com/o/trees%2FF99B7F32-E3DE-443B-8BDD-16DAE880140F.png?alt=media&token=53d9f9a1-9553-4492-bc54-824fbb33c3cc,https://firebasestorage.googleapis.com:443/v0/b/working-trees.appspot.com/o/trees%2F3A5CBFEC-F0DF-4DD7-AF35-D2918D4E210A.png?alt=media&token=5bcbf6f0-a8dc-4d5d-898f-05717e5c2aef,R3P5,3,5,265.0169204,0.26501692,0.437277919,
10/17/22 15:15,37.19944937,-80.57531238,CB2FC691-BD95-4AB8-AA7C-07226DEA7D5D,Honey Locust,25.72962344,https://firebasestorage.googleapis.com:443/v0/b/working-trees.appspot.com/o/trees%2F23065F3A-3E20-4593-AC0D-6EF87DA84380.png?alt=media&token=47c38598-d397-42d2-8701-9dd2fa8a8d2f,https://firebasestorage.googleapis.com:443/v0/b/working-trees.appspot.com/o/trees%2FD048AB7A-51F9-42AD-9EE4-299553CB7F17.png?alt=media&token=70933747-9b95-4cbc-81c9-dc0af07a8f3b,R3P4,3,4,349.7073078,0.349707308,0.577017058,
10/17/22 15:17,37.19934944,-80.57539432,D3FC5E41-811E-44C8-B8EC-3949E5F46EB3,Honey Locust,18.19299459,https://firebasestorage.googleapis.com:443/v0/b/working-trees.appspot.com/o/trees%2F26AFD623-D40B-4BD8-B403-FCFA62A791DE.png?alt=media&token=919f8843-690c-4929-a929-c724bf66d606,https://firebasestorage.googleapis.com:443/v0/b/working-trees.appspot.com/o/trees%2F22ACF8E2-FCC8-41E1-A5DA-D111833A8E34.png?alt=media&token=7dcd544d-2eaa-40fb-99ea-11abb2945777,R3P3,3,3,150.0592715,0.150059271,0.247597798,
10/17/22 15:25,37.19919447,-80.57552993,392936EB-E3C8-4CB1-ACF0-0F186EDB5AA8,Honey Locust,27.69518197,https://firebasestorage.googleapis.com:443/v0/b/working-trees.appspot.com/o/trees%2F73FC3990-F05B-4897-86BF-45969ECDC5CF.png?alt=media&token=9b28a779-55f8-4354-98c4-af75c381e187,https://firebasestorage.googleapis.com:443/v0/b/working-trees.appspot.com/o/trees%2F06DD2B39-77D5-4154-8BA2-D8C5D7046113.png?alt=media&token=2c58b9b0-8069-420b-8712-bf9f47f2b563,R3P1,3,1,418.5481367,0.418548137,0.690604426,
10/17/22 15:28,37.19924571,-80.57565391,5148462A-3FDA-4FA6-A0DF-6013C3853A1F,Honey Locust,27.29497552,https://firebasestorage.googleapis.com:443/v0/b/working-trees.appspot.com/o/trees%2FDBC841D7-D2B8-4CB4-A8C3-6BEFCF24897E.png?alt=media&token=e7097d50-a9e4-4821-9aae-5724b9b42926,https://firebasestorage.googleapis.com:443/v0/b/working-trees.appspot.com/o/trees%2FE9F83A95-DC52-4F05-B47D-282B4458ABCE.png?alt=media&token=73239d21-445c-4294-9cd1-85ac50a6c323,R4P1,4,1,403.9378947,0.403937895,0.666497526,
10/17/22 15:30,37.19934046,-80.57557564,70B9C06F-46B7-4A82-93B6-0ABB515FAE34,Honey Locust,21.60400003,https://firebasestorage.googleapis.com:443/v0/b/working-trees.appspot.com/o/trees%2F91725195-8BB7-45B0-B49A-23AA93CA5590.png?alt=media&token=dde104d6-cfa3-4d9f-97f3-cf056542483d,https://firebasestorage.googleapis.com:443/v0/b/working-trees.appspot.com/o/trees%2F0521A151-1CB0-417B-9451-FB875B718DE3.png?alt=media&token=c0fb6a62-9628-42df-bbfb-705a07e53420,R4P2,4,2,228.2625222,0.228262522,0.376633162,
10/17/22 15:32,37.19943308,-80.57549528,202B7ACB-97EC-4640-829A-74C1484EB440,Honey Locust,21.68148756,https://firebasestorage.googleapis.com:443/v0/b/working-trees.appspot.com/o/trees%2F20544945-74E1-45FE-994E-00BDB940EDB0.png?alt=media&token=eaa9802d-c755-4ad5-ae38-c10e70a19ac8,https://firebasestorage.googleapis.com:443/v0/b/working-trees.appspot.com/o/trees%2FA8A04B9B-ECF0-495B-8AE7-D12B772D1C6D.png?alt=media&token=3b7c1268-4661-4127-a6db-1aebf8c33121,R4P3,4,3,230.2661705,0.230266171,0.379939181,
10/17/22 15:34,37.19950606,-80.57541679,9E4AC524-3DDD-418F-BF5C-D0ED6875D8D8,Honey Locust,31.80693686,https://firebasestorage.googleapis.com:443/v0/b/working-trees.appspot.com/o/trees%2FEA1C82DF-2293-4459-83A6-E9301A1DC681.png?alt=media&token=2661d4e8-1387-49b7-a808-ed2072dd1fef,https://firebasestorage.googleapis.com:443/v0/b/working-trees.appspot.com/o/trees%2FD38E3DA6-F62E-4C15-893B-509F42036F8C.png?alt=media&token=6eca7094-401b-468d-9f65-fac165d36d50,R4P4,4,4,586.8032799,0.58680328,0.968225412,
10/17/22 15:36,37.19961583,-80.57534845,87AB797F-6A9B-4F4A-BEB8-A35331978404,Honey Locust,16.90617204,https://firebasestorage.googleapis.com:443/v0/b/working-trees.appspot.com/o/trees%2F234C0359-806F-414B-949A-936228CB3E4B.png?alt=media&token=74dbbe6e-e0ac-4460-bca7-abc5f0e2b92f,https://firebasestorage.googleapis.com:443/v0/b/working-trees.appspot.com/o/trees%2F8EE513DB-9E9F-4725-9D81-5D0A571DB14A.png?alt=media&token=c8c56e4e-e089-4ad7-98b0-3737a1e4c532,R4P5,4,5,125.4570996,0.1254571,0.207004214,
10/17/22 15:39,37.19971072,-80.57520392,B034FCED-0188-44B6-BBD6-D14568A83A11,Honey Locust,24.89914447,https://firebasestorage.googleapis.com:443/v0/b/working-trees.appspot.com/o/trees%2F8D7E0585-E9F4-462D-9145-2FEB8E7BFB1A.png?alt=media&token=a448d838-1e62-41ba-85fe-ef5bc3b4b444,https://firebasestorage.googleapis.com:443/v0/b/working-trees.appspot.com/o/trees%2FFF5987C9-30EF-48C8-9EDD-84728BF31944.png?alt=media&token=55a37f91-7172-4229-8d96-cb82361fec18,R4P6,4,6,322.7920918,0.322792092,0.532606952,
10/17/22 15:40,37.19980893,-80.57540779,3323D945-07D7-40B5-8EC0-924422B79FF5,Honey Locust,21.55150473,https://firebasestorage.googleapis.com:443/v0/b/working-trees.appspot.com/o/trees%2FF65EE0EA-0970-4473-B744-384E6195DC63.png?alt=media&token=127ec9a7-79a7-428c-9949-02a1314a82ed,https://firebasestorage.googleapis.com:443/v0/b/working-trees.appspot.com/o/trees%2FFDB99AB0-C8CA-4432-BE99-5869FB8D35ED.png?alt=media&token=0b60c4b2-dd24-4f57-990d-8b8116336abd,R5P6,5,6,226.9109853,0.226910985,0.374403126,
10/17/22 15:42,37.19967816,-80.57544376,03743772-0544-404C-A9B2-C7051BD44226,Honey Locust,20.7634002,https://firebasestorage.googleapis.com:443/v0/b/working-trees.appspot.com/o/trees%2FD0070E90-BA2B-4D3F-B5BB-F704BBCF943F.png?alt=media&token=10e9c7bd-d9ee-4b8b-b212-15e3e56a056a,https://firebasestorage.googleapis.com:443/v0/b/working-trees.appspot.com/o/trees%2F56F2CFF7-158F-4164-A55F-72BDF909084F.png?alt=media&token=6ca3c323-e77e-4bef-a31a-bc2c0216b33b,R5P5,5,5,207.1868948,0.207186895,0.341858376,
10/17/22 15:47,37.19961093,-80.57564909,92192906-697E-43D1-A2D4-2F27AD4323BC,Honey Locust,12.78478801,https://firebasestorage.googleapis.com:443/v0/b/working-trees.appspot.com/o/trees%2FF8ED163D-689D-4FE4-8609-C1E39A691717.png?alt=media&token=3de0a596-5fa3-40ea-8af4-c27539fd9ca5,https://firebasestorage.googleapis.com:443/v0/b/working-trees.appspot.com/o/trees%2F2237BBB7-84FC-4440-AB87-43E39811E6F5.png?alt=media&token=b398fab1-cd27-4864-a77f-48e09545dfba,R5P4,5,4,63.42721091,0.063427211,0.104654898,
10/17/22 15:49,37.19960783,-80.57545823,28A9C95E-8E6C-4829-94F7-341812657177,Honey Locust,26.83596611,https://firebasestorage.googleapis.com:443/v0/b/working-trees.appspot.com/o/trees%2F7B3B9BCE-F899-485D-9763-EF881CC728E5.png?alt=media&token=932e262d-90ef-431c-8051-1e71d47f3798,https://firebasestorage.googleapis.com:443/v0/b/working-trees.appspot.com/o/trees%2F07E23CEE-CEC9-42AF-972C-4CA1B15AD335.png?alt=media&token=d3e2f38f-50b9-4eb7-b321-9c2593255d07,R5P3,5,3,387.5569012,0.387556901,0.639468887,
10/17/22 15:50,37.19944422,-80.57555823,FB38E872-B8A9-4773-8F3B-1208FFC08F0D,Honey Locust,34.36815441,https://firebasestorage.googleapis.com:443/v0/b/working-trees.appspot.com/o/trees%2F3FC79902-28D0-48BF-AD1F-91684DCB2EEF.png?alt=media&token=92cbf230-151e-440d-a86c-d64ab3135dc6,https://firebasestorage.googleapis.com:443/v0/b/working-trees.appspot.com/o/trees%2F5C4117DE-A9B5-422A-A9AD-00C9F8B90F80.png?alt=media&token=b9e9570a-30a4-4f9b-aa41-2ad70184fcde,R5P2,5,2,708.9147545,0.708914755,1.169709345,
10/17/22 15:51,37.1993298,-80.57571019,9830B3C9-EA34-4E26-8CD4-53AA17C97B4C,Honey Locust,22.93772399,https://firebasestorage.googleapis.com:443/v0/b/working-trees.appspot.com/o/trees%2F41C7311B-E8C1-46B8-93F0-0F6486DFBC86.png?alt=media&token=145f8798-fb60-430d-8908-af2143c9d282,https://firebasestorage.googleapis.com:443/v0/b/working-trees.appspot.com/o/trees%2F512F1D5D-1089-430C-8FD6-5A742DCF9C11.png?alt=media&token=a33c354f-9710-4433-964f-80c383a9d31e,R5P1,5,1,264.2043977,0.264204398,0.435937256,
10/19/22 17:19,37.2003713,-80.57633732,30DBF0DD-FA79-49DF-B8BB-7BFA1851D60F,Honey Locust,23.22932929,https://firebasestorage.googleapis.com:443/v0/b/working-trees.appspot.com/o/trees%2FC35C638F-F143-4A16-9992-69367CB258B8.png?alt=media&token=51f4dadf-f309-428c-9067-e6684c2f2732,https://firebasestorage.googleapis.com:443/v0/b/working-trees.appspot.com/o/trees%2F622D2F17-FDEC-4249-97D9-1764F19119D9.png?alt=media&token=f828df08-0655-48a0-8c95-3a7079389f29,R10P7,10,7,272.4784857,0.272478486,0.449589501,
10/19/22 17:20,37.2003205,-80.57651619,948E5FDC-5B22-4DA5-B7A2-1DD78CE4EB18,Honey Locust,21.65226489,https://firebasestorage.googleapis.com:443/v0/b/working-trees.appspot.com/o/trees%2F1B96D83F-95B6-4279-AED4-FC2B38CD64F8.png?alt=media&token=78fcf3a9-150d-4969-8aae-77463585353d,https://firebasestorage.googleapis.com:443/v0/b/working-trees.appspot.com/o/trees%2F036F12FA-F07D-4FE4-942A-F0B011CBE5C9.png?alt=media&token=6b3df3df-65cc-47c9-aa0b-76f518eba220,R10P6,10,6,229.5093257,0.229509326,0.378690387,
10/19/22 17:22,37.20015597,-80.57656271,F9452071-6C29-4049-8AF5-53524B930C8A,Honey Locust,19.93767768,https://firebasestorage.googleapis.com:443/v0/b/working-trees.appspot.com/o/trees%2FBC640E7B-CA96-4C3F-BA68-D1BB73166A88.png?alt=media&token=c904ae57-519a-4e08-aec1-06cf6f5c3f78,https://firebasestorage.googleapis.com:443/v0/b/working-trees.appspot.com/o/trees%2F76B2BD6D-CD6C-4D73-AB26-EA4B6E26FB39.png?alt=media&token=bba8d35c-876c-420d-993e-241f9db70dff,R10P5,10,5,187.6473052,0.187647305,0.309618054,
10/19/22 17:23,37.20013618,-80.57660638,3A378C02-FCF7-46C6-8A8D-ECC48F037E77,Honey Locust,17.71746427,https://firebasestorage.googleapis.com:443/v0/b/working-trees.appspot.com/o/trees%2F518D3C0B-F47C-415C-A823-069E8918CB57.png?alt=media&token=b3df3c2d-1285-4797-a446-1c01f37c5e22,https://firebasestorage.googleapis.com:443/v0/b/working-trees.appspot.com/o/trees%2FEFC2F138-2879-45E0-A7C5-6CE9D1C49742.png?alt=media&token=5e964f3d-211f-451c-9db7-aa8c07befdae,R10P4,10,4,140.6646358,0.140664636,0.232096649,
10/19/22 17:24,37.20011037,-80.57660504,9A88CBEC-7FBB-4F4A-A6F5-740C4DB78433,Honey Locust,19.26211268,https://firebasestorage.googleapis.com:443/v0/b/working-trees.appspot.com/o/trees%2F54AE16FC-2D35-4DBA-A95A-5AE044A62536.png?alt=media&token=68c65baf-a9a0-44d6-9289-736c0e9d3973,https://firebasestorage.googleapis.com:443/v0/b/working-trees.appspot.com/o/trees%2FEC529696-EA37-4F10-82A4-4A24B44C8570.png?alt=media&token=1ffff34c-d22a-46c0-ba36-7296e785a130,R10P3,10,3,172.503921,0.172503921,0.28463147,
10/19/22 17:25,37.20003081,-80.5766779,C000EB13-A658-428F-9313-6E75416F501B,Honey Locust,23.09944928,https://firebasestorage.googleapis.com:443/v0/b/working-trees.appspot.com/o/trees%2FC1B342D4-0521-4631-AEB3-B9F5B9C0FB9A.png?alt=media&token=55cae527-f88a-4b13-8ae4-4e789e175112,https://firebasestorage.googleapis.com:443/v0/b/working-trees.appspot.com/o/trees%2F1A07F30E-038B-417D-8595-492B5CB479C7.png?alt=media&token=97545333-a705-4e6a-8fd8-329b83244746,R10P2,10,2,268.7746304,0.26877463,0.44347814,
10/19/22 17:26,37.20002844,-80.57668475,50FBA950-2677-4974-B224-0C374D35EED7,Honey Locust,23.95869046,https://firebasestorage.googleapis.com:443/v0/b/working-trees.appspot.com/o/trees%2F50C5B772-9E6F-415F-AD91-916A395BFE9E.png?alt=media&token=63e2aaa4-b9bf-454c-ac16-7bd35868ec67,https://firebasestorage.googleapis.com:443/v0/b/working-trees.appspot.com/o/trees%2F862D03C7-2D5B-4372-BFCF-BF999417009F.png?alt=media&token=ad8e6bad-d6c1-42ea-8a60-dbcb1f65c089,R10P1,10,1,293.836725,0.293836725,0.484830596,
10/19/22 17:29,37.20008506,-80.57690344,B70B2ECA-2117-4367-865C-375613A3CEFD,Honey Locust,20.53111047,https://firebasestorage.googleapis.com:443/v0/b/working-trees.appspot.com/o/trees%2FCED89BF1-7AA9-4CE8-8BE9-B57686792894.png?alt=media&token=42c2698e-5aeb-4bc7-a73b-e408a393c8be,https://firebasestorage.googleapis.com:443/v0/b/working-trees.appspot.com/o/trees%2F8E7B01FB-9F5A-423B-9392-E911879893FD.png?alt=media&token=0c5870ca-58aa-4ff1-bcd0-bc42b7f93eaa,R11P1,11,1,201.5744437,0.201574444,0.332597832,
10/19/22 17:31,37.20016326,-80.57729621,93859343-BC29-41A8-AEB2-B9BB52C30E3B,Honey Locust,20.88153511,https://firebasestorage.googleapis.com:443/v0/b/working-trees.appspot.com/o/trees%2F0AFE88BF-A692-48B1-8D85-48722D7E2E50.png?alt=media&token=df43f790-20d5-46c5-b4ad-8fcf1b9049f9,https://firebasestorage.googleapis.com:443/v0/b/working-trees.appspot.com/o/trees%2F38D722C9-FCE2-4F1B-89EF-41C6E97F48AE.png?alt=media&token=65a1b3d8-788e-414d-8226-31e4a19024fe,R11P2,11,2,210.0761641,0.210076164,0.346625671,
10/19/22 17:31,37.20022495,-80.57672935,B8D40707-BCAB-4DAB-9123-A53D88A46D84,Honey Locust,19.7463423,https://firebasestorage.googleapis.com:443/v0/b/working-trees.appspot.com/o/trees%2FF448093A-01E0-4C42-B3C9-063908D2D04C.png?alt=media&token=8572ee83-4045-4685-a0ff-9a237e54cb01,https://firebasestorage.googleapis.com:443/v0/b/working-trees.appspot.com/o/trees%2FE3F1E4C5-B7DD-451C-8CB5-ACA91006D41D.png?alt=media&token=e511e201-99f0-468a-a45e-87e95a5b75de,R11P3,11,3,183.281928,0.183281928,0.302415181,
10/19/22 17:33,37.20033815,-80.57662508,6B6EA855-D2ED-44C5-9EAE-FA41A006A689,Honey Locust,18.51000339,https://firebasestorage.googleapis.com:443/v0/b/working-trees.appspot.com/o/trees%2F6C44B7DF-EEAD-404E-8968-22BCA8076D3E.png?alt=media&token=896cf0ea-f205-410a-beb5-3211c6328475,https://firebasestorage.googleapis.com:443/v0/b/working-trees.appspot.com/o/trees%2FEE0C12AE-1BF5-4470-B84C-EDBB926D24DA.png?alt=media&token=494db9e4-7781-47f5-a0ea-3db9c8916594,R11P4,11,4,156.5222084,0.156522208,0.258261644,
10/19/22 17:34,37.20036002,-80.57654436,8410964C-6FAE-4079-9DFA-80F3459A179E,Honey Locust,20.83293349,https://firebasestorage.googleapis.com:443/v0/b/working-trees.appspot.com/o/trees%2F829E3AE5-5AB2-4203-876D-B2A48921A051.png?alt=media&token=56fcad8a-8309-4d10-8f4c-7157a5c8ebb3,https://firebasestorage.googleapis.com:443/v0/b/working-trees.appspot.com/o/trees%2F28C8E417-1E4B-4453-95B0-00EBF9010F10.png?alt=media&token=5ad420b9-e0fc-4fd8-9d18-285154330879,R11P5,11,5,208.884636,0.208884636,0.344659649,
10/19/22 17:36,37.20052749,-80.57641067,7538001C-0BE6-4467-A664-DEF82A4ADD39,Honey Locust,19.7776109,https://firebasestorage.googleapis.com:443/v0/b/working-trees.appspot.com/o/trees%2F8FAF7FDC-994C-44F3-A7FD-8A95E8A9E824.png?alt=media&token=f4f821ad-118e-4216-8852-a27d77ea0bf3,https://firebasestorage.googleapis.com:443/v0/b/working-trees.appspot.com/o/trees%2FCE5835FA-E46D-4678-B8B0-159C225A31A7.png?alt=media&token=2fe2cfa4-7439-49e4-ac98-e9ae30a4a18c,R11P6,11,6,183.9911864,0.183991186,0.303585458,
10/19/22 17:38,37.20052837,-80.57650848,F2F94FCC-85DF-4F94-92DE-A37EC5978E9C,Honey Locust,27.51443088,https://firebasestorage.googleapis.com:443/v0/b/working-trees.appspot.com/o/trees%2FAB7813BC-DE7C-4F7D-B08F-02AC68EA30DF.png?alt=media&token=d2039bd9-c2ae-4744-94ca-91eb4213c947,https://firebasestorage.googleapis.com:443/v0/b/working-trees.appspot.com/o/trees%2F45DAD1B4-CA24-48E0-87B0-1C74CB4E9868.png?alt=media&token=3b2da654-5e2f-4a8d-9c40-e566c65440c5,R12P6,12,6,411.9115488,0.411911549,0.679654055,
10/19/22 17:40,37.20049742,-80.57656167,9CA3FFB4-728B-4983-8D17-F45B308AED6C,Honey Locust,17.99666435,https://firebasestorage.googleapis.com:443/v0/b/working-trees.appspot.com/o/trees%2FE474929D-3D69-4C04-8C48-FD1F35F710E0.png?alt=media&token=b0107030-41e5-455d-b926-8f42739624bd,https://firebasestorage.googleapis.com:443/v0/b/working-trees.appspot.com/o/trees%2F16B32AE7-5C01-446B-B747-E09A0E3161D1.png?alt=media&token=481ea8f6-8f73-49dc-b978-4e47b2c2eb84,R12P5,12,5,146.1370774,0.146137077,0.241126178,
10/19/22 17:41,37.20041136,-80.57656087,2A1301ED-DE97-46FD-AEF7-F12180C05492,Honey Locust,17.76010394,https://firebasestorage.googleapis.com:443/v0/b/working-trees.appspot.com/o/trees%2F22CC1E16-2544-4513-8991-0998EB579BFD.png?alt=media&token=13eca880-5f4d-4d7a-9edc-8c4d8a4c8ca9,https://firebasestorage.googleapis.com:443/v0/b/working-trees.appspot.com/o/trees%2F69186335-6F57-444E-BA86-5D1E9CA2E056.png?alt=media&token=92bd6439-265d-48a1-b7f2-a9febe0f6586,R12P4,12,4,141.4924211,0.141492421,0.233462495,
10/19/22 17:42,37.20031147,-80.57664071,5A514E6E-8A80-4D19-A73D-CB8039DCB481,Honey Locust,24.80841279,https://firebasestorage.googleapis.com:443/v0/b/working-trees.appspot.com/o/trees%2F7BCB8378-A4C6-4020-A78F-FE9763B606FD.png?alt=media&token=db3a64ca-8aaa-4dad-9cf1-c045e413afba,https://firebasestorage.googleapis.com:443/v0/b/working-trees.appspot.com/o/trees%2FF4235A20-1B35-4C1B-9B85-A74AF53938C9.png?alt=media&token=138d6455-eeb8-48e5-8ff2-7fc39df960b2,R12P3,12,3,319.9284145,0.319928415,0.527881884,
10/19/22 17:44,37.2001975,-80.57678742,7F7F953E-58B4-4713-8B9C-EAA1806C9F10,Honey Locust,23.54534864,https://firebasestorage.googleapis.com:443/v0/b/working-trees.appspot.com/o/trees%2FD92973FF-5823-4A46-BD47-8FA5FDE1BDE1.png?alt=media&token=b89e0f57-2eb1-45db-9f1e-4b60b23e582f,https://firebasestorage.googleapis.com:443/v0/b/working-trees.appspot.com/o/trees%2F8E6B9A70-0D55-455E-B94B-F606F8013561.png?alt=media&token=9363695a-0dfe-40d8-b77c-301fed0426cc,R12P2,12,2,281.6158642,0.281615864,0.464666176,
10/19/22 17:45,37.20018991,-80.57690084,83D5F59A-46E5-4805-B50B-8782EAC401A2,Honey Locust,17.80588031,https://firebasestorage.googleapis.com:443/v0/b/working-trees.appspot.com/o/trees%2F62EB65D5-9F99-49A6-97FC-73B9238627C2.png?alt=media&token=0c93fb4a-6797-4950-8491-8aafd2bc30f3,https://firebasestorage.googleapis.com:443/v0/b/working-trees.appspot.com/o/trees%2F55F6DBB3-E824-4F49-9149-9D376EEEE828.png?alt=media&token=c943b15d-e139-435a-85f4-26707c6fbf0b,R12P1,12,1,142.3842937,0.142384294,0.234934085,
10/19/22 17:47,37.20015245,-80.57693252,642B2C86-C7D6-4BEA-ABE9-C0168962F109,Honey Locust,26.34866834,https://firebasestorage.googleapis.com:443/v0/b/working-trees.appspot.com/o/trees%2F1FA34117-5BB4-4FFD-947F-658474F07F17.png?alt=media&token=a41cd666-a624-42a4-b1fc-fbf8d654e7a2,https://firebasestorage.googleapis.com:443/v0/b/working-trees.appspot.com/o/trees%2F1C2CDCE7-1D12-4BD1-90B8-EFDCF90AAB1A.png?alt=media&token=2cf55834-938e-4a14-a9d8-ed53b8e84ac6,R13P1,13,1,370.6027351,0.370602735,0.611494513,
10/19/22 17:48,37.20027969,-80.57694384,AE17F8CE-A675-419B-B7F9-94ED9CB0E9EC,Honey Locust,20.67938596,https://firebasestorage.googleapis.com:443/v0/b/working-trees.appspot.com/o/trees%2FE223EBE1-D257-4231-9C0F-B07BAF6893EA.png?alt=media&token=dafd568d-ebca-46bf-9d76-51339401d3ea,https://firebasestorage.googleapis.com:443/v0/b/working-trees.appspot.com/o/trees%2F26877A9D-B0A9-448E-B07A-F9256AC6606F.png?alt=media&token=790eefdd-73e6-4408-9b02-6fd6f4e15af7,R13P2,13,2,205.1464856,0.205146486,0.338491701,
10/19/22 17:49,37.20039854,-80.57682582,965392A6-01AD-4D9A-AF21-80B32E15AD28,Honey Locust,19.80221868,https://firebasestorage.googleapis.com:443/v0/b/working-trees.appspot.com/o/trees%2FAC20F3E6-3555-48AC-A2AE-23C72ACCDF20.png?alt=media&token=6cedc6a7-c804-41e7-b1e7-77511580ee98,https://firebasestorage.googleapis.com:443/v0/b/working-trees.appspot.com/o/trees%2FD269823D-08C8-4FEA-9768-82C98E433372.png?alt=media&token=232f51b8-a5f3-4d16-b057-c62e3c2ae92c,R13P3,13,3,184.5504964,0.184550496,0.304508319,
10/19/22 17:51,37.20047259,-80.57682068,97814130-BEFB-4AB2-8535-B8AD835BCD1D,Honey Locust,30.03979623,https://firebasestorage.googleapis.com:443/v0/b/working-trees.appspot.com/o/trees%2F90339A27-1600-45E8-B022-F245AD4D6AD0.png?alt=media&token=723f1575-72cb-4491-9fdd-8fd958113672,https://firebasestorage.googleapis.com:443/v0/b/working-trees.appspot.com/o/trees%2FBE3EE4EA-83A4-4298-B9FD-B87570C71FA1.png?alt=media&token=731560d9-ff14-470e-af53-f255d3eff503,R13P4,13,4,510.3816349,0.510381635,0.842129698,
10/19/22 17:57,37.20056031,-80.57665693,6EDB61F5-46CA-4521-9326-71FE491B5C91,Honey Locust,24.00065362,https://firebasestorage.googleapis.com:443/v0/b/working-trees.appspot.com/o/trees%2F2D62E170-95B5-48B9-9EB5-3DDFB53DA211.png?alt=media&token=cd939289-b4eb-4060-9cea-035a2727e3b0,https://firebasestorage.googleapis.com:443/v0/b/working-trees.appspot.com/o/trees%2F7D3CBD03-49DC-4512-9D3F-E79055D46317.png?alt=media&token=f01ae97a-e1c1-4556-8784-17ccddab39e3,R13P5,13,5,295.0945691,0.295094569,0.486906039,
10/19/22 17:58,37.2005632,-80.57670454,E1311398-77C3-43C8-BCD2-BDACBCFE1E5D,Honey Locust,20.97620964,https://firebasestorage.googleapis.com:443/v0/b/working-trees.appspot.com/o/trees%2FBD39A081-93DB-476D-9A4A-743E29BF1B09.png?alt=media&token=8f03744e-675a-40b6-bedf-9b8f81882d21,https://firebasestorage.googleapis.com:443/v0/b/working-trees.appspot.com/o/trees%2F918AFEE2-0C1F-4779-AA4B-37165064EA5B.png?alt=media&token=7929b32f-7801-4729-b13f-0031ce8de56b,R13P6,13,6,212.4087229,0.212408723,0.350474393,
10/19/22 17:59,37.20065444,-80.57664779,E9C2A35F-E65A-46DB-8B51-DC876F9749B7,Honey Locust,27.56099403,https://firebasestorage.googleapis.com:443/v0/b/working-trees.appspot.com/o/trees%2F05BA570E-6CA0-450C-9DF7-AFE9175E7C4F.png?alt=media&token=e1ab35da-7f0f-4ee3-b17f-c5579f6e3c1e,https://firebasestorage.googleapis.com:443/v0/b/working-trees.appspot.com/o/trees%2FC226D3B4-35CB-4B9A-8442-05E35B9ABCFE.png?alt=media&token=c434052d-a104-4e46-8587-068426ef463f,R14P5,14,5,413.6152087,0.413615209,0.682465094,
10/19/22 18:01,37.20122842,-80.57551919,7046502D-248F-42E6-9FE8-EC2E8091A302,Honey Locust,15.53387046,https://firebasestorage.googleapis.com:443/v0/b/working-trees.appspot.com/o/trees%2F4244DD70-868F-4743-B044-690B86A65D1C.png?alt=media&token=4860788e-e818-4981-8c59-c5b69fb79436,https://firebasestorage.googleapis.com:443/v0/b/working-trees.appspot.com/o/trees%2F35517DE0-BC09-4B84-8142-DAC7E8EE79B0.png?alt=media&token=4600d1e5-7dd8-4713-ab9d-16e576a8f8e1,R14P4,14,4,102.0352896,0.10203529,0.168358228,
10/19/22 18:02,37.20059904,-80.57677155,BEEB8531-2D9B-4EF7-B62D-4D50DB467118,Honey Locust,14.3597737,https://firebasestorage.googleapis.com:443/v0/b/working-trees.appspot.com/o/trees%2F7C8AA50B-9E41-47A9-A0FE-072F23E937E5.png?alt=media&token=ddabf12b-da41-43e4-a8b4-75af71e78c3c,https://firebasestorage.googleapis.com:443/v0/b/working-trees.appspot.com/o/trees%2F87212F4D-65A9-4592-8D2F-06225BF014B7.png?alt=media&token=69266a0d-86bb-4e82-b069-037d9e83d7ad,R14P3,14,3,84.22363587,0.084223636,0.138968999,
10/19/22 18:04,37.20051488,-80.57678316,5A2E724C-D118-42AA-A79E-C1F303BFFDFA,Honey Locust,18.5875833,https://firebasestorage.googleapis.com:443/v0/b/working-trees.appspot.com/o/trees%2F127539EF-FAF3-49E6-91CD-35519E494970.png?alt=media&token=f338a443-626a-4a45-bfa6-e10ed7596a3e,https://firebasestorage.googleapis.com:443/v0/b/working-trees.appspot.com/o/trees%2F5DCC7B8D-12DC-4EEF-B8FA-6D72032DA400.png?alt=media&token=0d71db7b-6124-4a9b-8a47-2b004c82ca28,R14P2,14,2,158.1283982,0.158128398,0.260911857,
10/19/22 18:08,37.20042549,-80.57689472,3D50BCCF-F20D-4FE9-890C-14D7A8A131B2,Honey Locust,17.46525466,https://firebasestorage.googleapis.com:443/v0/b/working-trees.appspot.com/o/trees%2FAD33282B-4D6C-43BB-8E1C-F5EA58F68C50.png?alt=media&token=a8f3a978-7d80-4f65-9290-7ab4ac92ed40,https://firebasestorage.googleapis.com:443/v0/b/working-trees.appspot.com/o/trees%2FF70401A1-B625-4F8F-83A6-8D8775D3F196.png?alt=media&token=3dba4814-1698-4fdd-8db2-0c766fedc9ec,R14P1,14,1,135.8268693,0.135826869,0.224114334,
10/21/22 17:33,37.20047791,-80.57653338,13910876-92C9-4276-B760-4F5BB0D951E4,Honey Locust,22.80684114,https://firebasestorage.googleapis.com:443/v0/b/working-trees.appspot.com/o/trees%2F116B0495-09F9-4275-83EC-68AF56E817F8.png?alt=media&token=7794ce1d-cf15-4302-99b8-220d38c986ce,https://firebasestorage.googleapis.com:443/v0/b/working-trees.appspot.com/o/trees%2F49A2A977-A31F-49E8-A5D9-4ADB816013DE.png?alt=media&token=d3a80c60-6826-4d38-9268-eae4bf458c95,R12;p5,12,5,260.5395778,0.260539578,0.429890303